lst_01a4fda0-b5f3-4e77-b75d-014d8f9f1f01,amn_1a2d276d-005c-47ff-873e-5bb3965ba8d0
lst_01a4fda0-b5f3-4e77-b75d-014d8f9f1f01,amn_37a5856e-7cd9-4ada-9481-6435dcc6841c
lst_01a4fda0-b5f3-4e77-b75d-014d8f9f1f01,amn_3f2e6f24-f685-40f2-9de1-2ce6a2fe9627
lst_01a4fda0-b5f3-4e77-b75d-014d8f9f1f01,amn_445fb221-ccfc-465a-a6f5-6e7f8728a44f
lst_01a4fda0-b5f3-4e77-b75d-014d8f9f1f01,amn_465cde06-28f7-4428-a930-baebf0263ec3
lst_01a4fda0-b5f3-4e77-b75d-014d8f9f1f01,amn_4761de53-f79a-4a12-8214-56d61a47cbb1
lst_01a4fda0-b5f3-4e77-b75d-014d8f9f1f01,amn_54853a63-1489-4990-96d9-0ca9d7aac206
lst_20dfbf89-8dec-45b2-a3ec-59b4c3e64fe8,amn_54853a63-1489-4990-96d9-0ca9d7aac206
lst_b306dc56-e52f-47a0-bb55-935740fa1323,amn_54853a63-1489-4990-96d9-0ca9d7aac206
lst_20dfbf89-8dec-45b2-a3ec-59b4c3e64fe8,amn_56747a7e-c75e-4bfd-86c9-024ddfaf1a43
lst_b306dc56-e52f-47a0-bb55-935740fa1323,amn_56747a7e-c75e-4bfd-86c9-024ddfaf1a43
lst_01a4fda0-b5f3-4e77-b75d-014d8f9f1f01,amn_5784ac98-044a-4553-8846-601b8bd1e3b0
lst_20dfbf89-8dec-45b2-a3ec-59b4c3e64fe8,amn_61b50ac7-22df-4d89-949c-e72508f9e7f2
lst_b306dc56-e52f-47a0-bb55-935740fa1323,amn_61b50ac7-22df-4d89-949c-e72508f9e7f2
lst_01a4fda0-b5f3-4e77-b75d-014d8f9f1f01,amn_709ca3ff-d178-42a3-a30d-cdc94e9fd13e
lst_01a4fda0-b5f3-4e77-b75d-014d8f9f1f01,amn_7997cf7a-384f-41ef-b546-4cb3531705bb
lst_01a4fda0-b5f3-4e77-b75d-014d8f9f1f01,amn_7abf7f21-2515-43b2-9dfa-57632763851a
lst_01a4fda0-b5f3-4e77-b75d-014d8f9f1f01,amn_7ed9449d-8f0b-4c8a-9e6d-8626fcb6011b
lst_01a4fda0-b5f3-4e77-b75d-014d8f9f1f01,amn_8cb353cd-b3b7-4b69-96c3-4c80d2820597
lst_01a4fda0-b5f3-4e77-b75d-014d8f9f1f01,amn_8e7db3f9-1b53-4a89-bb5c-bcf3993f6d08
lst_01a4fda0-b5f3-4e77-b75d-014d8f9f1f01,amn_8f8746a4-aca4-4124-b7a7-7d21b89171e5
lst_01a4fda0-b5f3-4e77-b75d-014d8f9f1f01,amn_abf0d794-0b82-4f83-bd49-233ac2c36d27
lst_01a4fda0-b5f3-4e77-b75d-014d8f9f1f01,amn_c58cfa16-de8c-441e-9d32-ed180e6068e8
lst_01a4fda0-b5f3-4e77-b75d-014d8f9f1f01,amn_d12ac9ff-4786-40d1-b255-4102f8925ed7
lst_20dfbf89-8dec-45b2-a3ec-59b4c3e64fe8,amn_d12ac9ff-4786-40d1-b255-4102f8925ed7
lst_b306dc56-e52f-47a0-bb55-935740fa1323,amn_d12ac9ff-4786-40d1-b255-4102f8925ed7
lst_01a4fda0-b5f3-4e77-b75d-014d8f9f1f01,amn_d22b8d5f-eac8-4b42-b270-87cf72d4e1e3
lst_20dfbf89-8dec-45b2-a3ec-59b4c3e64fe8,amn_dbec96c1-31ed-48c1-8acc-a50c38fab188
lst_b306dc56-e52f-47a0-bb55-935740fa1323,amn_dbec96c1-31ed-48c1-8acc-a50c38fab188
lst_01a4fda0-b5f3-4e77-b75d-014d8f9f1f01,amn_f2f90cf2-3b8f-4a47-899e-dc98e837bb6e
